{"cameraMode":{"drawMode":0,"name":"Shaded","section":"Shading Mode"},"sceneLighting":true,"audioPlay":false,"sceneViewState":{"m_AlwaysRefresh":false,"showFog":true,"showSkybox":true,"showFlares":true,"showImageEffects":true,"showParticleSystems":true,"showVisualEffectGraphs":true,"m_FxEnabled":true},"in2DMode":false,"pivot":{"x":0.38691821694374087,"y":9.578581809997559,"z":-8.244943618774414},"rotation":{"x":-0.05573900789022446,"y":0.036531440913677219,"z":-0.0020365132950246336,"w":-0.997776985168457},"size":1.2252753973007203,"orthographic":false}