{"cameraMode":{"drawMode":0,"name":"Shaded","section":"Shading Mode"},"sceneLighting":true,"audioPlay":false,"sceneViewState":{"m_AlwaysRefresh":false,"showFog":true,"showSkybox":true,"showFlares":true,"showImageEffects":true,"showParticleSystems":true,"showVisualEffectGraphs":true,"m_FxEnabled":true},"in2DMode":false,"pivot":{"x":0.4670487344264984,"y":8.585076332092286,"z":-8.760284423828125},"rotation":{"x":-0.06475719809532166,"y":0.003588965395465493,"z":-0.00022655035718344152,"w":-0.9978667497634888},"size":1.5148977041244507,"orthographic":false}