{"cameraMode":{"drawMode":0,"name":"Shaded","section":"Shading Mode"},"sceneLighting":true,"audioPlay":false,"sceneViewState":{"m_AlwaysRefresh":false,"showFog":true,"showSkybox":true,"showFlares":true,"showImageEffects":true,"showParticleSystems":true,"showVisualEffectGraphs":true,"m_FxEnabled":true},"in2DMode":false,"pivot":{"x":-2.0240182876586916,"y":9.532248497009278,"z":-12.340470314025879},"rotation":{"x":0.04229030758142471,"y":0.009306688793003559,"z":-0.00036092547816224396,"w":0.999045729637146},"size":0.09408922493457794,"orthographic":false}